,old,feels,23h-1h,1h-3h,3h-5h,5h-7h,7h-9h,9h-11h,11h-13h,13h-15h,15h-17h,17h-19h,19h-21h,21h-23h,total_hours,result
0,20,0,0,1,1,1,1,0,0,0,0,0,0,0,8.0,4.0
1,20,1,1,1,1,0,0,0,1,0,0,0,0,0,8.0,1.0
2,21,1,1,1,1,0,0,0,0,0,0,0,0,1,8.0,1.0
3,20,1,0,1,1,1,0,0,0,0,0,0,0,0,6.0,3.0
4,21,0,0,1,1,1,0,0,1,0,0,0,1,0,10.0,3.0
5,21,0,0,0,1,0,0,0,0,0,1,0,0,0,4.0,4.0
6,21,1,1,1,1,1,0,0,0,0,0,0,0,0,8.0,3.0
7,40,1,0,1,1,1,0,0,0,0,0,0,0,0,6.0,3.0
8,21,1,1,1,0,0,0,0,0,0,0,0,0,0,4.0,2.0
9,20,1,1,1,1,1,0,0,0,0,0,0,0,0,8.0,3.0
10,23,0,0,0,0,1,1,1,0,0,0,0,0,0,6.0,4.0
11,33,1,1,1,1,0,0,0,1,0,0,0,0,1,10.0,2.0
12,20,1,0,1,1,1,1,1,0,0,0,0,0,0,10.0,2.0
13,24,1,1,1,1,0,0,0,0,0,0,0,0,0,6.0,3.0
14,20,0,1,1,1,1,1,0,0,0,0,0,0,0,10.0,3.0
15,21,1,1,1,1,1,0,0,0,0,0,0,0,1,10.0,2.0
16,20,1,1,1,1,1,0,0,1,0,0,0,0,0,10.0,3.0
17,20,1,0,1,1,1,0,0,0,0,0,0,0,0,6.0,2.0
18,20,0,1,1,1,1,0,0,0,1,0,0,0,0,10.0,3.0
19,21,0,0,1,1,1,1,0,0,0,0,0,0,0,8.0,3.0
20,18,1,0,1,1,1,0,0,0,0,0,0,0,0,6.0,3.0
21,18,0,1,1,1,1,0,0,0,1,1,0,0,0,12.0,1.0
22,20,1,1,1,1,1,0,0,0,0,0,0,0,0,8.0,1.0
23,20,1,0,0,1,1,1,1,0,0,0,0,0,0,8.0,4.0
24,20,1,0,1,0,0,0,0,1,0,0,0,0,0,4.0,3.0
25,19,0,0,1,0,1,1,1,0,0,0,0,0,0,8.0,4.0
26,20,1,0,1,1,1,0,0,0,0,0,0,0,0,6.0,3.0
27,22,0,1,1,1,1,1,0,0,0,0,0,0,0,10.0,2.0
28,20,1,0,1,1,0,0,0,0,0,1,0,0,0,6.0,2.0
29,22,0,1,1,1,1,1,0,0,1,0,0,0,0,12.0,3.0
30,21,0,0,1,1,1,1,1,0,0,0,0,0,0,10.0,1.0
31,20,1,0,1,1,1,0,0,0,0,0,0,0,0,6.0,3.0
32,22,1,0,0,0,1,1,0,0,1,0,0,0,0,6.0,4.0
33,19,1,0,1,1,0,0,1,0,0,0,0,0,0,6.0,4.0
34,24,1,1,1,1,1,0,0,0,1,0,0,0,0,10.0,3.0
35,25,0,0,1,1,1,0,0,0,0,0,0,0,0,6.0,4.0
36,20,0,0,1,1,1,0,0,1,0,0,0,0,0,8.0,3.0
37,20,1,1,1,1,1,0,0,0,0,0,0,0,0,8.0,2.0
38,40,0,0,0,0,1,1,0,0,0,0,0,0,0,4.0,4.0
39,18,1,1,1,1,1,0,0,0,0,0,0,0,0,8.0,2.0
40,22,1,0,1,1,1,0,0,0,0,0,0,0,0,6.0,2.0
41,17,0,0,0,1,1,0,0,0,1,1,1,0,0,10.0,4.0
42,20,0,0,0,1,1,0,0,0,1,0,0,0,0,6.0,3.0
43,20,1,1,1,1,1,0,0,1,0,0,0,0,0,10.0,3.0
44,20,1,0,1,1,1,0,0,0,1,0,0,0,0,8.0,3.0
45,19,0,1,1,0,0,0,0,0,0,0,0,0,1,6.0,4.0
46,21,1,1,1,1,1,0,0,0,0,0,0,0,0,8.0,3.0
47,20,0,0,0,1,1,1,1,1,1,0,1,0,0,14.0,4.0
48,16,0,0,1,1,1,0,0,0,1,0,0,0,0,8.0,3.0
49,22,1,1,1,1,1,0,0,0,0,0,0,0,0,8.0,3.0
50,18,1,1,1,1,1,1,0,0,0,0,0,0,0,10.0,3.0
51,40,1,1,0,0,0,0,0,0,1,0,0,0,1,6.0,3.0
52,20,1,1,1,1,1,0,0,0,0,0,0,0,0,8.0,3.0
53,20,1,0,1,1,1,0,0,0,1,0,0,0,0,8.0,2.0
54,20,1,1,1,1,1,0,0,1,1,0,0,0,1,14.0,2.0
55,21,0,0,1,1,1,1,0,0,1,0,0,0,0,10.0,4.0
56,20,0,0,1,1,1,0,0,0,0,0,0,0,0,6.0,2.0
57,21,1,0,0,0,1,1,1,0,0,0,0,0,0,6.0,2.0
58,20,1,1,1,1,1,0,0,0,1,0,0,0,0,10.0,3.0
59,18,1,0,0,1,0,0,1,0,1,0,0,1,0,8.0,2.0
60,18,1,1,1,1,1,0,0,0,1,0,0,0,0,10.0,2.0
61,18,1,0,0,1,1,1,1,0,0,0,0,0,0,8.0,2.0
62,18,0,0,0,1,1,0,0,1,0,0,0,0,0,6.0,2.0
63,21,1,1,1,1,1,0,0,0,0,0,0,0,0,8.0,2.0
64,40,1,1,1,1,0,0,0,1,0,0,0,0,0,8.0,2.0
65,19,1,1,1,1,1,0,0,0,0,0,0,0,0,8,2
66,30,1,1,1,1,1,0,0,0,0,0,0,0,0,8,2
67,16,1,1,1,1,1,0,0,0,1,0,0,0,0,10,1
68,23,0,0,1,0,0,1,1,0,0,0,0,0,0,6,4
69,15,1,1,1,1,1,0,0,0,0,0,0,0,0,8,2
70,18,0,0,0,1,0,0,1,0,0,0,0,0,0,4,5
71,18,1,1,1,1,1,0,0,0,0,0,0,0,0,8,2
72,24,0,0,1,0,0,0,0,0,0,0,0,0,0,2,5
73,34,1,1,1,1,1,0,0,0,0,0,0,0,0,8,2
74,30,1,1,1,1,1,0,0,0,0,0,0,0,0,8,2
75,28,1,1,1,1,1,0,0,0,0,0,0,0,0,8,2
76,17,1,1,1,1,1,0,0,0,0,0,0,0,0,8,2
77,25,1,1,1,1,1,0,0,0,0,0,0,0,0,8,2
78,32,1,1,1,1,1,0,0,0,0,0,0,0,0,8,2
79,27,0,0,0,0,1,0,0,0,0,0,0,0,0,2,5
80,21,1,1,1,1,1,0,0,0,1,0,0,0,0,10,1
81,27,0,0,0,1,0,0,0,0,1,1,1,0,0,8,4
82,17,1,1,1,1,1,0,0,0,0,0,0,0,0,8,2
83,17,1,1,1,1,1,0,0,0,0,0,0,0,0,8,2
84,20,0,0,0,0,0,0,0,0,0,0,1,0,0,2,5
85,28,1,1,1,1,1,0,0,0,1,0,0,0,0,10,1
86,15,1,1,1,1,1,0,0,0,1,0,0,0,0,10,1
87,27,1,1,1,1,1,0,0,0,0,0,0,0,0,8,2
88,24,1,1,1,1,1,0,0,0,1,0,0,0,0,10,1
89,33,1,1,1,1,1,0,0,0,0,0,0,0,0,8,2
90,25,1,1,1,1,1,0,0,0,0,0,0,0,0,8,2
91,19,1,1,1,1,1,0,0,0,0,0,0,0,0,8,2
92,30,1,1,1,1,1,0,0,0,0,0,0,0,0,8,2
93,26,1,1,1,1,1,0,0,0,1,0,0,0,0,10,1
94,18,0,0,0,1,1,0,0,0,0,1,1,0,0,8,4
95,18,0,0,0,1,1,0,0,0,1,1,1,1,0,12,4
96,20,1,1,1,1,1,0,0,0,0,0,0,0,0,8,2
97,24,0,0,1,0,1,1,1,0,0,0,0,0,0,8,4
98,34,1,1,1,1,1,0,0,0,0,0,0,0,0,8,2
99,28,1,1,1,1,1,0,0,0,0,0,0,0,0,8,2
100,25,0,0,0,0,0,1,0,0,0,0,0,0,0,2,5
101,20,1,1,1,1,1,0,0,0,0,0,0,0,0,8,2
102,19,0,0,1,1,0,0,0,0,0,0,0,0,0,4,5
103,34,1,1,1,1,1,0,0,0,0,0,0,0,0,8,2
104,24,0,0,0,0,0,1,0,0,0,0,0,0,0,2,5
105,18,0,0,0,0,0,0,0,0,0,1,0,0,0,2,5
106,27,1,1,1,1,1,0,0,0,0,0,0,0,0,8,2
107,26,1,1,1,1,1,0,0,0,0,0,0,0,0,8,2
108,22,0,0,0,0,1,0,0,0,0,0,0,0,0,2,5
109,17,1,1,1,1,1,0,0,0,0,0,0,0,0,8,2
110,25,1,1,1,1,1,0,0,0,1,0,0,0,0,10,1
111,20,0,0,0,1,0,0,0,0,0,0,0,0,0,2,5
112,20,1,1,1,1,1,0,0,0,0,0,0,0,0,8,2
113,29,1,1,1,1,1,0,0,0,1,0,0,0,0,10,1
114,29,1,1,1,1,1,0,0,0,1,0,0,0,0,10,1
115,22,1,1,1,1,1,0,0,0,0,0,0,0,0,8,2
116,26,0,0,1,1,0,1,0,0,0,0,0,0,0,6,4
117,20,1,1,1,1,1,0,0,0,0,0,0,0,0,8,2
118,27,1,1,1,1,1,0,0,0,1,0,0,0,0,10,1
119,23,1,1,1,1,1,0,0,0,1,0,0,0,0,10,1
120,25,0,0,0,0,1,0,0,0,0,1,0,1,0,6,4
121,18,0,0,0,0,1,0,0,0,0,0,0,0,0,2,5
122,23,0,0,0,1,0,0,0,0,1,1,1,0,0,8,4
123,27,0,0,1,0,1,1,0,0,0,0,0,0,0,6,4
124,27,0,0,0,1,1,0,0,0,1,1,1,0,0,10,4
125,24,1,1,1,1,1,0,0,0,1,0,0,0,0,10,1
126,26,1,1,1,1,1,0,0,0,0,0,0,0,0,8,2
127,29,1,1,1,1,1,0,0,0,0,0,0,0,0,8,2
128,18,1,1,1,1,1,0,0,0,0,0,0,0,0,8,2
129,24,1,1,1,1,1,0,0,0,1,0,0,0,0,10,1
130,20,0,0,0,1,1,0,0,0,1,0,0,1,0,8,4
131,17,1,1,1,1,1,0,0,0,0,0,0,0,0,8,2
132,24,0,0,0,1,0,0,0,0,0,0,0,0,0,2,5
133,33,1,1,1,1,1,0,0,0,0,0,0,0,0,8,2
134,21,0,0,0,0,1,0,0,0,1,0,1,0,0,6,4
135,22,0,0,0,0,0,0,0,0,1,1,0,1,0,6,4
136,21,0,0,0,1,0,0,0,0,0,0,0,0,0,2,5
137,20,0,0,0,1,1,0,0,0,0,1,1,1,0,10,4
138,16,1,1,1,1,1,0,0,0,1,0,0,0,0,10,1
139,29,1,1,1,1,1,0,0,0,1,0,0,0,0,10,1
140,26,1,1,1,1,1,0,0,0,0,0,0,0,0,8,2
141,20,1,1,1,1,1,0,0,0,1,0,0,0,0,10,1
142,30,1,1,1,1,1,0,0,0,0,0,0,0,0,8,2
143,34,1,1,1,1,1,0,0,0,0,0,0,0,0,8,2
144,22,0,0,1,0,1,1,1,0,0,0,0,0,0,8,4
145,22,0,0,1,0,0,0,0,0,0,0,0,0,0,2,5
146,34,1,1,1,1,1,0,0,0,0,0,0,0,0,8,2
147,32,1,1,1,1,1,0,0,0,1,0,0,0,0,10,1
148,18,0,0,0,1,0,0,0,0,0,1,1,1,0,8,4
149,27,1,1,1,1,1,0,0,0,1,0,0,0,0,10,1
150,22,0,0,0,1,1,0,0,0,0,0,0,0,0,4,5
151,26,0,0,0,1,0,0,0,0,0,0,0,1,0,4,5
152,21,0,0,0,1,1,0,0,0,0,0,0,1,0,6,4
153,21,1,1,1,1,1,0,0,0,1,0,0,0,0,10,1
154,24,0,0,0,0,0,0,0,0,0,1,1,1,0,6,4
155,19,0,0,0,1,0,1,0,0,0,0,0,0,0,4,5
156,22,0,0,0,1,0,0,0,0,1,1,1,0,0,8,4
157,27,1,1,1,1,1,0,0,0,1,0,0,0,0,10,1
158,18,0,0,1,0,0,0,0,0,0,0,0,0,0,2,5
159,19,0,0,1,1,1,1,1,0,0,0,0,0,0,10,4
160,21,0,0,0,1,1,0,0,0,0,0,1,1,0,8,4
161,18,1,1,1,1,1,0,0,0,1,0,0,0,0,10,1
162,18,1,1,1,1,1,0,0,0,0,0,0,0,0,8,2
163,33,1,1,1,1,1,0,0,0,1,0,0,0,0,10,1
164,26,0,0,0,1,0,0,0,0,0,0,1,1,0,6,4
165,26,0,0,0,0,0,0,0,0,0,0,1,0,0,2,5
166,30,1,1,1,1,1,0,0,0,1,0,0,0,0,10,1
167,21,0,0,0,1,0,0,0,0,0,0,0,0,0,2,5
168,23,0,0,0,0,1,0,1,0,0,0,0,0,0,4,5
169,21,0,0,0,1,0,0,0,0,0,0,0,0,0,2,5
170,18,0,0,0,1,1,0,0,0,0,0,0,1,0,6,4
171,25,0,0,0,1,1,0,0,0,1,1,0,0,0,8,4
172,30,1,1,1,1,1,0,0,0,1,0,0,0,0,10,1
173,26,0,0,0,1,0,0,0,0,1,1,0,0,0,6,4
174,26,1,1,1,1,1,0,0,0,0,0,0,0,0,8,2
175,25,0,0,0,1,0,0,0,0,0,0,1,0,0,4,5
176,18,0,0,0,0,1,0,0,0,1,1,0,0,0,6,4
177,24,0,0,1,0,1,1,1,0,0,0,0,0,0,8,4
178,21,0,0,0,0,1,0,0,0,0,0,0,0,0,2,5
179,15,1,1,1,1,1,0,0,0,0,0,0,0,0,8,2
180,21,0,0,0,0,0,0,0,0,1,1,0,0,0,4,5
181,19,1,1,1,1,1,0,0,0,1,0,0,0,0,10,1
182,26,1,1,1,1,1,0,0,0,0,0,0,0,0,8,2
183,29,1,1,1,1,1,0,0,0,1,0,0,0,0,10,1
184,20,0,0,0,0,0,0,0,0,1,0,0,0,0,2,5
185,21,1,1,1,1,1,0,0,0,0,0,0,0,0,8,2
186,19,0,0,0,0,0,0,0,0,1,0,1,0,0,4,5
187,30,1,1,1,1,1,0,0,0,0,0,0,0,0,8,2
188,27,1,1,1,1,1,0,0,0,1,0,0,0,0,10,1
189,23,0,0,0,0,1,0,0,0,1,1,0,0,0,6,4
190,18,1,1,1,1,1,0,0,0,1,0,0,0,0,10,1
191,27,0,0,1,0,1,0,1,0,0,0,0,0,0,6,4
192,33,1,1,1,1,1,0,0,0,0,0,0,0,0,8,2
193,21,0,0,0,1,0,0,0,0,0,1,1,1,0,8,4
194,22,0,0,1,1,0,0,1,0,0,0,0,0,0,6,4
195,25,0,0,1,0,0,0,0,0,0,0,0,0,0,2,5
196,19,0,0,0,0,0,0,0,0,1,1,1,0,0,6,4
197,20,0,0,0,1,1,0,1,0,0,0,0,0,0,6,4
198,32,1,1,1,1,1,0,0,0,1,0,0,0,0,10,1
199,27,0,0,0,1,1,0,0,0,0,0,1,1,0,8,4
200,25,1,1,1,1,1,0,0,0,0,0,0,0,0,8,2
201,21,0,0,0,0,0,0,0,0,1,1,0,0,0,4,5
202,26,0,0,0,1,0,0,0,0,1,0,1,1,0,8,4
203,27,0,0,0,1,1,0,0,0,0,0,0,0,0,4,5
204,23,1,1,1,1,1,0,0,0,0,0,0,0,0,8,2
205,24,0,0,1,1,1,1,0,0,0,0,0,0,0,8,4
206,23,0,0,0,0,1,0,0,0,0,1,1,1,0,8,4
207,19,0,0,0,0,1,0,0,0,0,0,0,1,0,4,5
208,23,1,1,1,1,1,0,0,0,0,0,0,0,0,8,2
209,19,0,0,0,1,0,0,0,0,1,1,1,1,0,10,4
210,24,0,0,0,0,1,0,0,0,1,1,0,0,0,6,4
211,18,1,1,1,1,1,0,0,0,1,0,0,0,0,10,1
212,28,1,1,1,1,1,0,0,0,0,0,0,0,0,8,2
213,22,1,1,1,1,1,0,0,0,1,0,0,0,0,10,1
214,33,1,1,1,1,1,0,0,0,1,0,0,0,0,10,1
215,27,0,0,0,0,1,0,0,0,1,1,1,1,0,10,4
216,26,0,0,0,0,1,0,1,0,0,0,0,0,0,4,5
217,19,0,0,0,0,1,0,0,0,0,1,0,1,0,6,4
218,26,1,1,1,1,1,0,0,0,0,0,0,0,0,8,2
219,20,0,0,1,1,0,0,1,0,0,0,0,0,0,6,4
220,33,1,1,1,1,1,0,0,0,1,0,0,0,0,10,1
221,29,1,1,1,1,1,0,0,0,0,0,0,0,0,8,2
222,18,0,0,1,1,0,0,1,0,0,0,0,0,0,6,4
223,22,0,0,1,0,1,1,1,0,0,0,0,0,0,8,4
224,27,0,0,0,0,1,0,0,0,0,0,0,1,0,4,5
225,25,0,0,0,0,1,1,0,0,0,0,0,0,0,4,5
226,27,0,0,0,1,0,0,0,0,1,1,1,1,0,10,4
227,20,0,0,1,0,0,1,0,0,0,0,0,0,0,4,5
228,22,0,0,0,1,0,0,0,0,1,1,1,0,0,8,4
229,28,1,1,1,1,1,0,0,0,0,0,0,0,0,8,2
230,23,1,1,1,1,1,0,0,0,0,0,0,0,0,8,2
231,17,1,1,1,1,1,0,0,0,0,0,0,0,0,8,2
232,25,0,0,0,0,0,0,0,0,0,0,0,0,0,0,5
233,26,0,0,0,0,0,0,0,0,1,1,1,0,0,6,4
234,24,0,0,0,1,0,0,0,0,0,1,1,0,0,6,4
235,27,0,0,0,1,0,0,0,0,1,0,0,1,0,6,4
236,26,0,0,0,0,1,0,0,0,1,0,1,1,0,8,4
237,30,1,1,1,1,1,0,0,0,1,0,0,0,0,10,1
238,33,1,1,1,1,1,0,0,0,0,0,0,0,0,8,2
239,21,0,0,0,0,1,0,0,0,0,0,0,1,0,4,5
240,33,1,1,1,1,1,0,0,0,0,0,0,0,0,8,2
241,27,0,0,0,1,1,0,0,0,1,1,1,0,0,10,4
242,25,0,0,0,1,0,0,0,0,0,0,0,0,0,2,5
243,26,1,1,1,1,1,0,0,0,0,0,0,0,0,8,2
244,20,0,0,0,1,0,0,1,0,0,0,0,0,0,4,5
245,26,0,0,1,0,1,1,0,0,0,0,0,0,0,6,4
246,18,1,1,1,1,1,0,0,0,0,0,0,0,0,8,2
247,24,0,0,1,0,0,0,1,0,0,0,0,0,0,4,5
248,25,0,0,0,1,1,0,0,0,1,0,1,0,0,8,4
249,19,1,1,1,1,1,0,0,0,1,0,0,0,0,10,1
250,25,0,0,0,0,1,0,0,0,0,0,0,1,0,4,5
251,21,0,0,0,1,0,0,0,0,0,0,0,0,0,2,5
252,32,1,1,1,1,1,0,0,0,1,0,0,0,0,10,1
253,15,1,1,1,1,1,0,0,0,1,0,0,0,0,10,1
254,28,1,1,1,1,1,0,0,0,0,0,0,0,0,8,2
255,21,1,1,1,1,1,0,0,0,1,0,0,0,0,10,1
256,17,1,1,1,1,1,0,0,0,0,0,0,0,0,8,2
257,30,1,1,1,1,1,0,0,0,0,0,0,0,0,8,2
258,18,0,0,0,0,1,1,0,0,0,0,0,0,0,4,5
259,21,0,0,1,1,1,1,0,0,0,0,0,0,0,8,4
260,18,0,0,0,1,0,0,0,0,1,1,1,1,0,10,4
261,25,0,0,0,1,1,1,0,0,0,0,0,0,0,6,4
262,24,0,0,0,1,1,0,0,0,1,0,0,1,0,8,4
263,22,0,0,0,0,0,0,0,0,0,0,0,0,0,0,5
264,18,0,0,1,1,1,1,0,0,0,0,0,0,0,8,4
265,18,0,0,0,1,0,0,0,0,0,1,1,0,0,6,4
266,25,1,1,1,1,1,0,0,0,1,0,0,0,0,10,1
267,26,1,1,1,1,1,0,0,0,0,0,0,0,0,8,2
268,26,0,0,0,1,0,0,0,0,0,0,0,0,0,2,5
269,27,1,1,1,1,1,0,0,0,0,0,0,0,0,8,2
270,20,0,0,0,1,0,0,0,0,0,1,1,0,0,6,4
271,23,0,0,0,1,1,0,0,0,1,0,1,1,0,10,4
272,18,1,1,1,1,1,0,0,0,0,0,0,0,0,8,2
273,26,1,1,1,1,1,0,0,0,1,0,0,0,0,10,1
274,22,0,0,0,0,0,0,0,0,1,1,0,1,0,6,4
275,29,1,1,1,1,1,0,0,0,0,0,0,0,0,8,2
276,19,0,0,0,1,1,0,0,0,0,0,0,0,0,4,5
277,31,1,1,1,1,1,0,0,0,0,0,0,0,0,8,2
278,19,1,1,1,1,1,0,0,0,1,0,0,0,0,10,1
279,23,0,0,1,0,1,0,0,0,0,0,0,0,0,4,5
280,19,1,1,1,1,1,0,0,0,1,0,0,0,0,10,1
281,21,1,1,1,1,1,0,0,0,0,0,0,0,0,8,2
282,33,1,1,1,1,1,0,0,0,0,0,0,0,0,8,2
283,27,0,0,0,1,0,0,0,0,1,0,0,1,0,6,4
284,27,1,1,1,1,1,0,0,0,0,0,0,0,0,8,2
285,23,0,0,0,1,0,0,0,0,0,1,0,0,0,4,5
286,17,1,1,1,1,1,0,0,0,0,0,0,0,0,8,2
287,27,0,0,1,0,0,0,1,0,0,0,0,0,0,4,5
288,20,1,1,1,1,1,0,0,0,0,0,0,0,0,8,2
289,29,1,1,1,1,1,0,0,0,1,0,0,0,0,10,1
290,19,0,0,0,0,0,1,1,0,0,0,0,0,0,4,5
291,21,0,0,0,0,0,0,0,0,0,0,0,0,0,0,5
292,28,1,1,1,1,1,0,0,0,0,0,0,0,0,8,2
293,21,0,0,0,0,1,0,0,0,1,0,0,1,0,6,4
294,27,1,1,1,1,1,0,0,0,0,0,0,0,0,8,2
295,28,1,1,1,1,1,0,0,0,0,0,0,0,0,8,2
296,22,0,0,0,0,1,0,0,0,0,0,0,0,0,2,5
297,25,0,0,0,0,0,0,1,0,0,0,0,0,0,2,5
298,33,1,1,1,1,1,0,0,0,0,0,0,0,0,8,2
299,24,0,0,0,1,0,0,0,0,0,1,0,0,0,4,5
300,27,0,0,0,1,1,1,0,0,0,0,0,0,0,6,4
301,29,1,1,1,1,1,0,0,0,0,0,0,0,0,8,2
302,26,0,0,0,1,1,0,0,0,1,1,0,0,0,8,4
303,25,0,0,1,1,1,1,0,0,0,0,0,0,0,8,4
304,26,0,0,1,0,0,0,0,0,0,0,0,0,0,2,5
305,24,0,0,0,0,1,0,0,0,1,1,0,1,0,8,4
306,18,0,0,0,0,0,0,0,0,0,1,1,0,0,4,5
307,22,1,1,1,1,1,0,0,0,1,0,0,0,0,10,1
308,26,0,0,0,0,1,1,1,0,0,0,0,0,0,6,4
309,22,1,1,1,1,1,0,0,0,0,0,0,0,0,8,2
310,33,1,1,1,1,1,0,0,0,1,0,0,0,0,10,1
311,19,1,1,1,1,1,0,0,0,0,0,0,0,0,8,2
312,33,1,1,1,1,1,0,0,0,0,0,0,0,0,8,2
313,20,0,0,0,0,0,0,1,0,0,0,0,0,0,2,5
314,25,0,0,1,0,1,1,0,0,0,0,0,0,0,6,4
315,20,0,0,1,0,1,0,1,0,0,0,0,0,0,6,4
316,24,0,0,1,0,1,0,1,0,0,0,0,0,0,6,4
317,21,0,0,1,0,0,1,0,0,0,0,0,0,0,4,5
318,25,1,1,1,1,1,0,0,0,1,0,0,0,0,10,1
319,15,1,1,1,1,1,0,0,0,0,0,0,0,0,8,2
320,16,1,1,1,1,1,0,0,0,0,0,0,0,0,8,2
321,26,1,1,1,1,1,0,0,0,0,0,0,0,0,8,2
322,15,1,1,1,1,1,0,0,0,0,0,0,0,0,8,2
323,21,0,0,0,1,1,0,0,0,1,1,0,1,0,10,4
324,30,1,1,1,1,1,0,0,0,1,0,0,0,0,10,1
325,24,0,0,0,0,0,0,0,0,0,1,1,0,0,4,5
326,21,1,1,1,1,1,0,0,0,0,0,0,0,0,8,2
327,16,1,1,1,1,1,0,0,0,0,0,0,0,0,8,2
328,24,0,0,0,0,1,1,1,0,0,0,0,0,0,6,4
329,34,1,1,1,1,1,0,0,0,0,0,0,0,0,8,2
330,31,1,1,1,1,1,0,0,0,1,0,0,0,0,10,1
331,21,1,1,1,1,1,0,0,0,0,0,0,0,0,8,2
332,25,1,1,1,1,1,0,0,0,1,0,0,0,0,10,1
333,29,1,1,1,1,1,0,0,0,0,0,0,0,0,8,2
334,20,0,0,0,1,1,0,1,0,0,0,0,0,0,6,4
335,27,1,1,1,1,1,0,0,0,0,0,0,0,0,8,2
336,21,1,1,1,1,1,0,0,0,1,0,0,0,0,10,1
337,20,0,0,0,1,1,0,0,0,0,1,0,0,0,6,4
338,34,1,1,1,1,1,0,0,0,0,0,0,0,0,8,2
339,24,0,0,0,0,1,1,1,0,0,0,0,0,0,6,4
340,18,0,0,0,0,1,0,0,0,0,0,0,0,0,2,5
341,26,0,0,0,0,1,0,0,0,1,0,0,1,0,6,4
342,28,1,1,1,1,1,0,0,0,0,0,0,0,0,8,2
343,19,1,1,1,1,1,0,0,0,0,0,0,0,0,8,2
344,28,1,1,1,1,1,0,0,0,0,0,0,0,0,8,2
345,18,0,0,0,1,0,1,1,0,0,0,0,0,0,6,4
346,28,1,1,1,1,1,0,0,0,0,0,0,0,0,8,2
347,23,0,0,1,0,0,1,1,0,0,0,0,0,0,6,4
348,22,1,1,1,1,1,0,0,0,0,0,0,0,0,8,2
349,17,1,1,1,1,1,0,0,0,1,0,0,0,0,10,1
350,16,1,1,1,1,1,0,0,0,1,0,0,0,0,10,1
351,15,1,1,1,1,1,0,0,0,1,0,0,0,0,10,1
352,18,0,0,0,0,0,0,1,0,0,0,0,0,0,2,5
353,19,1,1,1,1,1,0,0,0,0,0,0,0,0,8,2
354,22,1,1,1,1,1,0,0,0,0,0,0,0,0,8,2
355,17,1,1,1,1,1,0,0,0,0,0,0,0,0,8,2
356,19,1,1,1,1,1,0,0,0,0,0,0,0,0,8,2
357,19,0,0,1,0,1,1,1,0,0,0,0,0,0,8,4
358,33,1,1,1,1,1,0,0,0,0,0,0,0,0,8,2
359,28,1,1,1,1,1,0,0,0,1,0,0,0,0,10,1
360,20,1,1,1,1,1,0,0,0,0,0,0,0,0,8,2
361,25,0,0,0,0,1,0,0,0,1,0,0,0,0,4,5
362,22,0,0,0,1,1,0,1,0,0,0,0,0,0,6,4
363,18,0,0,0,0,1,1,1,0,0,0,0,0,0,6,4
364,18,1,1,1,1,1,0,0,0,1,0,0,0,0,10,1
365,31,1,1,1,1,1,0,0,0,0,0,0,0,0,8,2
366,21,0,0,0,0,1,0,1,0,0,0,0,0,0,4,5
367,20,1,1,1,1,1,0,0,0,1,0,0,0,0,10,1
368,26,1,1,1,1,1,0,0,0,1,0,0,0,0,10,1
369,19,0,0,1,1,0,0,1,0,0,0,0,0,0,6,4
370,19,0,0,1,0,0,1,0,0,0,0,0,0,0,4,5
371,29,1,1,1,1,1,0,0,0,0,0,0,0,0,8,2
372,20,1,1,1,1,1,0,0,0,0,0,0,0,0,8,2
373,27,1,1,1,1,1,0,0,0,0,0,0,0,0,8,2
374,30,1,1,1,1,1,0,0,0,1,0,0,0,0,10,1
375,20,0,0,1,1,0,0,0,0,0,0,0,0,0,4,5
376,29,1,1,1,1,1,0,0,0,0,0,0,0,0,8,2
377,21,0,0,1,1,1,0,0,0,0,0,0,0,0,6,4
378,20,0,0,1,1,1,1,1,0,0,0,0,0,0,10,4
379,27,0,0,1,1,0,1,1,0,0,0,0,0,0,8,4
380,30,1,1,1,1,1,0,0,0,0,0,0,0,0,8,2
381,25,0,0,0,0,0,0,0,0,0,0,0,0,0,0,5
382,27,0,0,0,1,1,0,0,0,0,0,0,0,0,4,5
383,31,1,1,1,1,1,0,0,0,0,0,0,0,0,8,2
384,18,0,0,0,0,0,0,0,0,1,0,0,0,0,2,5
385,23,0,0,0,0,1,0,0,0,1,1,0,0,0,6,4
386,24,1,1,1,1,1,0,0,0,0,0,0,0,0,8,2
387,22,0,0,0,0,1,0,0,0,0,0,1,0,0,4,5
388,26,0,0,1,0,0,0,1,0,0,0,0,0,0,4,5
389,24,0,0,0,0,0,0,0,0,0,0,0,0,0,0,5
390,20,0,0,0,0,1,0,0,0,0,0,0,0,0,2,5
391,26,0,0,1,1,0,0,0,0,0,0,0,0,0,4,5
392,25,1,1,1,1,1,0,0,0,1,0,0,0,0,10,1
393,19,1,1,1,1,1,0,0,0,0,0,0,0,0,8,2
394,25,0,0,0,0,1,0,0,0,1,1,0,0,0,6,4
395,20,1,1,1,1,1,0,0,0,0,0,0,0,0,8,2
396,23,1,1,1,1,1,0,0,0,1,0,0,0,0,10,1
397,29,1,1,1,1,1,0,0,0,0,0,0,0,0,8,2
398,27,1,1,1,1,1,0,0,0,0,0,0,0,0,8,2
399,26,1,1,1,1,1,0,0,0,0,0,0,0,0,8,2
400,27,0,0,0,0,0,0,0,0,1,0,1,1,0,6,4
401,20,0,0,0,1,0,0,1,0,0,0,0,0,0,4,5
402,20,1,1,1,1,1,0,0,0,1,0,0,0,0,10,1
403,34,1,1,1,1,1,0,0,0,0,0,0,0,0,8,2
404,23,1,1,1,1,1,0,0,0,0,0,0,0,0,8,2
405,19,0,0,0,1,1,1,1,0,0,0,0,0,0,8,4
406,15,1,1,1,1,1,0,0,0,1,0,0,0,0,10,1
407,19,1,1,1,1,1,0,0,0,0,0,0,0,0,8,2
408,15,1,1,1,1,1,0,0,0,1,0,0,0,0,10,1
409,26,0,0,0,1,1,1,1,0,0,0,0,0,0,8,4
410,25,0,0,0,0,0,1,0,0,0,0,0,0,0,2,5
411,23,0,0,1,0,1,1,1,0,0,0,0,0,0,8,4
412,24,0,0,0,1,1,0,0,0,0,0,0,0,0,4,5
413,26,0,0,0,0,1,1,0,0,0,0,0,0,0,4,5
414,28,1,1,1,1,1,0,0,0,0,0,0,0,0,8,2
415,24,1,1,1,1,1,0,0,0,1,0,0,0,0,10,1
416,20,0,0,1,1,1,1,1,0,0,0,0,0,0,10,4
417,27,1,1,1,1,1,0,0,0,1,0,0,0,0,10,1
418,17,1,1,1,1,1,0,0,0,0,0,0,0,0,8,2
419,20,0,0,0,1,0,0,0,0,0,0,0,0,0,2,5
420,22,0,0,1,0,1,0,0,0,0,0,0,0,0,4,5
421,29,1,1,1,1,1,0,0,0,0,0,0,0,0,8,2
422,26,0,0,1,1,0,1,0,0,0,0,0,0,0,6,4
423,23,0,0,1,1,0,0,1,0,0,0,0,0,0,6,4
424,26,0,0,0,0,1,1,0,0,0,0,0,0,0,4,5
425,29,1,1,1,1,1,0,0,0,0,0,0,0,0,8,2
426,32,1,1,1,1,1,0,0,0,0,0,0,0,0,8,2
427,21,1,1,1,1,1,0,0,0,0,0,0,0,0,8,2
428,21,0,0,0,1,1,1,1,0,0,0,0,0,0,8,4
429,25,0,0,0,1,0,0,0,0,1,0,0,1,0,6,4
430,20,0,0,0,1,0,0,0,0,0,1,0,1,0,6,4
431,27,0,0,0,1,0,0,1,0,0,0,0,0,0,4,5
432,19,0,0,0,1,0,0,0,0,0,0,1,0,0,4,5
433,23,0,0,0,1,0,0,0,0,0,1,1,1,0,8,4
434,18,1,1,1,1,1,0,0,0,0,0,0,0,0,8,2
435,18,0,0,1,1,1,0,0,0,0,0,0,0,0,6,4
436,23,1,1,1,1,1,0,0,0,0,0,0,0,0,8,2
437,32,1,1,1,1,1,0,0,0,1,0,0,0,0,10,1
438,26,1,1,1,1,1,0,0,0,0,0,0,0,0,8,2
439,20,1,1,1,1,1,0,0,0,0,0,0,0,0,8,2
440,22,1,1,1,1,1,0,0,0,1,0,0,0,0,10,1
441,26,0,0,1,1,1,1,1,0,0,0,0,0,0,10,4
442,31,1,1,1,1,1,0,0,0,0,0,0,0,0,8,2
443,19,1,1,1,1,1,0,0,0,0,0,0,0,0,8,2
444,20,0,0,0,1,1,0,0,0,1,0,0,1,0,8,4
445,33,1,1,1,1,1,0,0,0,1,0,0,0,0,10,1
446,25,1,1,1,1,1,0,0,0,0,0,0,0,0,8,2
447,24,0,0,0,0,1,1,1,0,0,0,0,0,0,6,4
448,19,0,0,0,0,0,0,0,0,0,0,1,1,0,4,5
449,20,1,1,1,1,1,0,0,0,0,0,0,0,0,8,2
450,28,1,1,1,1,1,0,0,0,0,0,0,0,0,8,2
451,16,1,1,1,1,1,0,0,0,0,0,0,0,0,8,2
452,20,0,0,0,1,1,0,0,0,1,0,1,1,0,10,4
453,18,1,1,1,1,1,0,0,0,0,0,0,0,0,8,2
454,16,1,1,1,1,1,0,0,0,0,0,0,0,0,8,2
455,20,1,1,1,1,1,0,0,0,0,0,0,0,0,8,2
456,34,1,1,1,1,1,0,0,0,1,0,0,0,0,10,1
457,22,1,1,1,1,1,0,0,0,0,0,0,0,0,8,2
458,28,1,1,1,1,1,0,0,0,0,0,0,0,0,8,2
459,25,0,0,1,0,1,1,0,0,0,0,0,0,0,6,4
460,19,1,1,1,1,1,0,0,0,1,0,0,0,0,10,1
461,20,0,0,1,1,1,1,0,0,0,0,0,0,0,8,4
462,33,1,1,1,1,1,0,0,0,0,0,0,0,0,8,2
463,33,1,1,1,1,1,0,0,0,0,0,0,0,0,8,2
464,32,1,1,1,1,1,0,0,0,0,0,0,0,0,8,2
465,22,0,0,0,0,0,0,0,0,0,0,1,1,0,4,5
466,20,0,0,1,1,1,0,0,0,0,0,0,0,0,6,4
467,27,0,0,0,1,1,1,0,0,0,0,0,0,0,6,4
468,20,0,0,0,1,0,0,0,0,1,1,1,0,0,8,4
469,21,0,0,0,1,0,0,0,0,0,0,0,0,0,2,5
470,15,1,1,1,1,1,0,0,0,0,0,0,0,0,8,2
471,27,0,0,1,1,1,1,1,0,0,0,0,0,0,10,4
472,20,0,0,0,1,1,0,0,0,1,1,1,1,0,12,4
473,23,0,0,0,0,1,0,0,0,1,1,1,0,0,8,4
474,27,0,0,0,0,1,0,0,0,0,1,0,0,0,4,5
475,33,1,1,1,1,1,0,0,0,0,0,0,0,0,8,2
476,25,0,0,0,1,0,0,0,0,1,1,0,1,0,8,4
477,30,1,1,1,1,1,0,0,0,0,0,0,0,0,8,2
478,27,0,0,0,0,0,0,0,0,0,1,1,0,0,4,5
479,25,1,1,1,1,1,0,0,0,1,0,0,0,0,10,1
480,17,1,1,1,1,1,0,0,0,0,0,0,0,0,8,2
481,20,0,0,0,1,0,0,0,0,0,0,0,0,0,2,5
482,32,1,1,1,1,1,0,0,0,1,0,0,0,0,10,1
483,26,0,0,0,1,1,1,1,0,0,0,0,0,0,8,4
484,15,1,1,1,1,1,0,0,0,0,0,0,0,0,8,2
485,32,1,1,1,1,1,0,0,0,1,0,0,0,0,10,1
486,19,1,1,1,1,1,0,0,0,0,0,0,0,0,8,2
487,19,0,0,0,1,1,0,0,0,0,1,0,0,0,6,4
488,24,0,0,0,1,0,0,1,0,0,0,0,0,0,4,5
489,31,1,1,1,1,1,0,0,0,1,0,0,0,0,10,1
490,22,1,1,1,1,1,0,0,0,0,0,0,0,0,8,2
491,22,0,0,0,0,0,0,0,0,0,0,0,1,0,2,5
492,27,0,0,0,1,0,0,0,0,1,1,1,0,0,8,4
493,20,1,1,1,1,1,0,0,0,0,0,0,0,0,8,2
494,24,0,0,0,0,1,0,0,0,0,0,0,0,0,2,5
495,19,0,0,0,1,1,0,0,0,1,0,1,0,0,8,4
496,33,1,1,1,1,1,0,0,0,0,0,0,0,0,8,2
497,18,0,0,0,1,1,0,0,0,1,1,1,1,0,12,4
498,19,0,0,0,1,0,0,0,0,0,1,1,1,0,8,4
499,20,1,1,1,1,1,0,0,0,0,0,0,0,0,8,2
500,24,0,0,1,1,1,0,0,0,0,0,0,0,0,6,4
501,34,1,1,1,1,1,0,0,0,0,0,0,0,0,8,2
502,25,0,0,0,0,0,0,0,0,0,1,0,1,0,4,5
503,18,0,0,0,0,0,0,0,0,0,1,0,0,0,2,5
504,21,0,0,0,1,1,0,1,0,0,0,0,0,0,6,4
505,34,1,1,1,1,1,0,0,0,0,0,0,0,0,8,2
506,25,0,0,1,0,1,1,0,0,0,0,0,0,0,6,4
507,24,0,0,0,1,0,0,0,0,0,0,1,0,0,4,5
508,27,1,1,1,1,1,0,0,0,1,0,0,0,0,10,1
509,22,1,1,1,1,1,0,0,0,0,0,0,0,0,8,2
510,15,1,1,1,1,1,0,0,0,0,0,0,0,0,8,2
511,27,0,0,0,0,1,0,0,0,1,1,1,1,0,10,4
512,22,0,0,0,1,1,1,1,0,0,0,0,0,0,8,4
513,24,0,0,1,0,0,0,1,0,0,0,0,0,0,4,5
514,27,0,0,1,1,1,0,1,0,0,0,0,0,0,8,4
515,33,1,1,1,1,1,0,0,0,1,0,0,0,0,10,1
516,15,1,1,1,1,1,0,0,0,0,0,0,0,0,8,2
517,27,0,0,1,1,0,1,0,0,0,0,0,0,0,6,4
518,16,1,1,1,1,1,0,0,0,1,0,0,0,0,10,1
519,19,0,0,0,1,0,0,0,0,1,0,0,1,0,6,4
520,26,1,1,1,1,1,0,0,0,1,0,0,0,0,10,1
521,19,1,1,1,1,1,0,0,0,0,0,0,0,0,8,2
522,27,0,0,0,1,1,1,0,0,0,0,0,0,0,6,4
523,27,1,1,1,1,1,0,0,0,1,0,0,0,0,10,1
524,22,0,0,1,1,1,0,1,0,0,0,0,0,0,8,4
525,23,0,0,0,1,1,0,0,0,1,1,1,1,0,12,4
526,23,0,0,0,0,0,0,0,0,0,1,1,0,0,4,5
527,24,0,0,1,0,1,1,1,0,0,0,0,0,0,8,4
528,20,0,0,0,1,0,0,0,0,0,0,0,0,0,2,5
529,21,0,0,1,1,0,1,0,0,0,0,0,0,0,6,4
530,27,0,0,1,1,0,1,1,0,0,0,0,0,0,8,4
531,23,0,0,1,0,0,0,1,0,0,0,0,0,0,4,5
532,27,0,0,0,1,0,0,0,0,0,0,0,1,0,4,5
533,22,0,0,0,1,0,0,0,0,0,0,0,1,0,4,5
534,18,0,0,1,0,0,0,1,0,0,0,0,0,0,4,5
535,19,0,0,0,0,1,1,1,0,0,0,0,0,0,6,4
536,19,0,0,0,0,0,0,0,0,0,0,0,0,0,0,5
537,19,0,0,0,1,1,0,0,0,0,1,0,0,0,6,4
538,21,0,0,0,1,0,0,0,0,1,0,1,0,0,6,4
539,30,1,1,1,1,1,0,0,0,0,0,0,0,0,8,2
540,19,1,1,1,1,1,0,0,0,0,0,0,0,0,8,2
541,30,1,1,1,1,1,0,0,0,1,0,0,0,0,10,1
542,24,0,0,1,0,0,1,0,0,0,0,0,0,0,4,5
543,21,1,1,1,1,1,0,0,0,0,0,0,0,0,8,2
544,22,1,1,1,1,1,0,0,0,1,0,0,0,0,10,1
545,28,1,1,1,1,1,0,0,0,0,0,0,0,0,8,2
546,26,1,1,1,1,1,0,0,0,0,0,0,0,0,8,2
547,16,1,1,1,1,1,0,0,0,0,0,0,0,0,8,2
548,27,0,0,0,0,1,0,0,0,1,1,1,1,0,10,4
549,21,0,0,0,1,0,1,0,0,0,0,0,0,0,4,5
550,17,1,1,1,1,1,0,0,0,0,0,0,0,0,8,2
551,34,1,1,1,1,1,0,0,0,1,0,0,0,0,10,1
552,31,1,1,1,1,1,0,0,0,1,0,0,0,0,10,1
553,22,0,0,1,1,1,0,0,0,0,0,0,0,0,6,4
554,19,0,0,0,1,0,0,0,0,0,1,1,1,0,8,4
555,23,0,0,1,1,0,1,0,0,0,0,0,0,0,6,4
556,21,0,0,0,0,0,0,0,0,0,1,0,1,0,4,5
557,34,1,1,1,1,1,0,0,0,0,0,0,0,0,8,2
558,28,1,1,1,1,1,0,0,0,1,0,0,0,0,10,1
559,28,1,1,1,1,1,0,0,0,0,0,0,0,0,8,2
560,29,1,1,1,1,1,0,0,0,0,0,0,0,0,8,2
561,27,0,0,0,0,0,0,0,0,0,1,1,0,0,4,5
562,23,0,0,1,0,0,1,0,0,0,0,0,0,0,4,5
563,24,0,0,0,0,0,0,0,0,0,1,1,0,0,4,5
564,21,0,0,1,0,0,0,0,0,0,0,0,0,0,2,5
565,16,1,1,1,1,1,0,0,0,1,0,0,0,0,10,1
566,33,1,1,1,1,1,0,0,0,1,0,0,0,0,10,1
567,23,1,1,1,1,1,0,0,0,0,0,0,0,0,8,2
568,30,1,1,1,1,1,0,0,0,1,0,0,0,0,10,1
569,18,1,1,1,1,1,0,0,0,0,0,0,0,0,8,2
570,19,0,0,0,0,0,0,0,0,1,1,1,1,0,8,4
571,19,0,0,0,1,1,0,1,0,0,0,0,0,0,6,4
572,26,1,1,1,1,1,0,0,0,0,0,0,0,0,8,2
573,19,0,0,0,0,0,0,0,0,1,0,0,1,0,4,5
574,25,0,0,1,1,0,1,1,0,0,0,0,0,0,8,4
575,32,1,1,1,1,1,0,0,0,1,0,0,0,0,10,1
576,25,0,0,0,1,0,0,0,0,0,1,1,0,0,6,4
577,22,0,0,1,1,0,0,0,0,0,0,0,0,0,4,5
578,32,1,1,1,1,1,0,0,0,1,0,0,0,0,10,1
579,24,1,1,1,1,1,0,0,0,1,0,0,0,0,10,1
580,24,0,0,0,0,1,0,0,0,0,1,1,1,0,8,4
581,27,1,1,1,1,1,0,0,0,1,0,0,0,0,10,1
582,21,0,0,0,0,0,0,0,0,1,1,1,1,0,8,4
583,21,0,0,0,1,0,0,0,0,1,1,1,0,0,8,4
584,33,1,1,1,1,1,0,0,0,0,0,0,0,0,8,2
585,22,0,0,0,1,0,0,0,0,0,0,0,0,0,2,5
586,24,0,0,0,0,1,0,0,0,1,0,0,1,0,6,4
587,27,0,0,0,1,1,1,1,0,0,0,0,0,0,8,4
588,18,0,0,1,0,0,0,1,0,0,0,0,0,0,4,5
589,20,0,0,0,0,0,0,0,0,1,1,0,0,0,4,5
590,24,0,0,0,1,1,0,0,0,0,0,1,0,0,6,4
591,21,0,0,0,1,0,0,0,0,0,1,0,1,0,6,4
592,21,0,0,0,0,1,0,0,0,1,0,1,0,0,6,4
593,25,1,1,1,1,1,0,0,0,0,0,0,0,0,8,2
594,32,1,1,1,1,1,0,0,0,0,0,0,0,0,8,2
595,20,0,0,0,1,1,1,0,0,0,0,0,0,0,6,4
596,34,1,1,1,1,1,0,0,0,0,0,0,0,0,8,2
597,21,0,0,0,1,0,0,0,0,0,0,1,1,0,6,4
598,21,0,0,1,1,0,1,1,0,0,0,0,0,0,8,4
599,30,1,1,1,1,1,0,0,0,0,0,0,0,0,8,2
600,18,0,0,0,1,0,0,0,0,0,0,0,0,0,2,5
601,26,1,1,1,1,1,0,0,0,1,0,0,0,0,10,1
602,18,0,0,0,0,1,0,0,0,0,0,0,1,0,4,5
603,21,1,1,1,1,1,0,0,0,0,0,0,0,0,8,2
604,18,1,1,1,1,1,0,0,0,1,0,0,0,0,10,1
605,23,1,1,1,1,1,0,0,0,0,0,0,0,0,8,2
606,34,1,1,1,1,1,0,0,0,0,0,0,0,0,8,2
607,20,1,1,1,1,1,0,0,0,0,0,0,0,0,8,2
608,30,1,1,1,1,1,0,0,0,0,0,0,0,0,8,2
609,32,1,1,1,1,1,0,0,0,1,0,0,0,0,10,1
610,34,1,1,1,1,1,0,0,0,0,0,0,0,0,8,2
611,28,1,1,1,1,1,0,0,0,0,0,0,0,0,8,2
612,21,1,1,1,1,1,0,0,0,0,0,0,0,0,8,2
613,18,1,1,1,1,1,0,0,0,0,0,0,0,0,8,2
614,24,1,1,1,1,1,0,0,0,1,0,0,0,0,10,1
615,20,0,0,0,1,0,0,0,0,1,1,0,1,0,8,4
616,31,1,1,1,1,1,0,0,0,0,0,0,0,0,8,2
617,16,1,1,1,1,1,0,0,0,0,0,0,0,0,8,2
618,32,1,1,1,1,1,0,0,0,1,0,0,0,0,10,1
619,23,0,0,1,0,0,1,0,0,0,0,0,0,0,4,5
620,18,0,0,1,0,0,0,1,0,0,0,0,0,0,4,5
621,23,0,0,1,1,1,1,0,0,0,0,0,0,0,8,4
622,24,1,1,1,1,1,0,0,0,0,0,0,0,0,8,2
623,30,1,1,1,1,1,0,0,0,0,0,0,0,0,8,2
624,23,0,0,0,1,0,0,0,0,1,0,0,1,0,6,4
625,31,1,1,1,1,1,0,0,0,0,0,0,0,0,8,2
626,20,0,0,0,1,1,0,0,0,1,0,0,0,0,6,4
627,30,1,1,1,1,1,0,0,0,0,0,0,0,0,8,2
628,23,1,1,1,1,1,0,0,0,0,0,0,0,0,8,2
629,29,1,1,1,1,1,0,0,0,0,0,0,0,0,8,2
630,25,0,0,0,1,0,0,0,0,0,0,1,1,0,6,4
631,31,1,1,1,1,1,0,0,0,0,0,0,0,0,8,2
632,31,1,1,1,1,1,0,0,0,0,0,0,0,0,8,2
633,20,0,0,1,1,1,0,0,0,0,0,0,0,0,6,4
634,21,0,0,0,1,1,1,0,0,0,0,0,0,0,6,4
635,23,0,0,0,0,1,0,0,0,1,1,0,0,0,6,4
636,27,0,0,0,0,0,0,0,0,1,0,0,0,0,2,5
637,30,1,1,1,1,1,0,0,0,0,0,0,0,0,8,2
638,24,0,0,0,0,1,0,0,0,0,0,0,0,0,2,5
639,16,1,1,1,1,1,0,0,0,0,0,0,0,0,8,2
640,21,0,0,0,0,1,0,0,0,1,0,1,0,0,6,4
641,21,0,0,0,1,1,0,0,0,0,0,0,0,0,4,5
642,31,1,1,1,1,1,0,0,0,1,0,0,0,0,10,1
643,22,0,0,0,0,1,0,0,0,0,0,0,0,0,2,5
644,27,0,0,0,1,0,0,1,0,0,0,0,0,0,4,5
645,20,0,0,0,1,1,1,0,0,0,0,0,0,0,6,4
646,33,1,1,1,1,1,0,0,0,1,0,0,0,0,10,1
647,31,1,1,1,1,1,0,0,0,0,0,0,0,0,8,2
648,23,0,0,0,1,0,0,0,0,0,0,0,0,0,2,5
649,20,1,1,1,1,1,0,0,0,1,0,0,0,0,10,1
650,27,0,0,0,0,0,1,1,0,0,0,0,0,0,4,5
651,25,0,0,1,0,0,0,0,0,0,0,0,0,0,2,5
652,24,0,0,1,0,0,1,1,0,0,0,0,0,0,6,4
653,31,1,1,1,1,1,0,0,0,0,0,0,0,0,8,2
654,21,1,1,1,1,1,0,0,0,0,0,0,0,0,8,2
655,25,1,1,1,1,1,0,0,0,1,0,0,0,0,10,1
656,25,0,0,1,0,0,1,0,0,0,0,0,0,0,4,5
657,21,0,0,0,0,0,0,0,0,0,1,0,1,0,4,5
658,27,0,0,0,0,0,0,0,0,0,0,1,0,0,2,5
659,21,0,0,0,0,1,1,1,0,0,0,0,0,0,6,4
660,18,0,0,0,0,1,0,0,0,1,0,0,0,0,4,5
661,19,0,0,0,1,0,0,0,0,1,1,1,1,0,10,4
662,17,1,1,1,1,1,0,0,0,0,0,0,0,0,8,2
663,22,0,0,0,1,0,0,0,0,0,1,1,1,0,8,4
664,26,1,1,1,1,1,0,0,0,0,0,0,0,0,8,2
